Timestamp,"First Name","Last Name",Email,Company,Phone,"Organization Size","Pain Points",Technologies,"Has EA","Estimated Impact","Recommended Services","IP Address"
"2025-08-26 00:31:37",Mike,Agee,mikeagee@gmail.com,acme,12068501966,"1,000 users","Cloud Cost Chaos; License Complexity","M365, IBM",No,"$710,592","License Optimization; Cloud Optimization; License Advisory",::1
"2025-08-26 00:31:50",Mike,Agee,mikeagee@gmail.com,acme,12068501966,"1,000 users","Cloud Cost Chaos; License Complexity","M365, IBM",No,"$710,592","License Optimization; Cloud Optimization; License Advisory",::1
"2025-08-26 00:32:02",Mike,Agee,mikeagee@gmail.com,acme,12068501966,"1,000 users","Cloud Cost Chaos; License Complexity","M365, IBM",No,"$710,592","License Optimization; Cloud Optimization; License Advisory",::1
"2025-08-26 00:34:08",Michael,Agee,mikeagee@gmail.com,acme,12068501966,"1,000 users","Cloud Cost Chaos; License Complexity","M365, Oracle",No,"$710,592","License Optimization; Cloud Optimization; License Advisory",::1
"2025-08-26 00:38:22",Michael,Agee,test@example.com,acme,12068501966,"1,000 users","Cloud Cost Chaos; License Complexity","M365, Oracle",No,"$710,592","License Optimization; Cloud Optimization; License Advisory",::1
